threshold,far,frr,acc,tpr,tnr,ppv,npv,f1_score
0.01,0.31881592378359985,0.0009800718719372753,0.8433333333333334,0.9990199281280627,0.6811840762164001,0.7654568210262829,0.9985037406483791,0.866780045351474
0.02,0.1510717931269139,0.0029402156158118264,0.9245,0.9970597843841882,0.8489282068730861,0.8729977116704806,0.9964057507987221,0.9309135275278329
0.03,0.08336168764886015,0.00555374060764456,0.9563333333333334,0.9944462593923554,0.9166383123511398,0.9255092733353603,0.9937292511988196,0.958740157480315
0.04,0.04763525008506295,0.008820646847435479,0.9721666666666666,0.9911793531525646,0.952364749914937,0.9558916194076874,0.9904458598726115,0.9732157177225341
0.05,0.028921401837359646,0.013394315583142764,0.979,0.9866056844168573,0.9710785981626403,0.9726247987117552,0.9858376511226252,0.9795653584171262
0.06,0.020074855392990813,0.01796798431885005,0.981,0.98203201568115,0.9799251446070092,0.9807504078303426,0.9812606473594548,0.9813907933398629
0.07,0.013269819666553249,0.026135249918327344,0.9801666666666666,0.9738647500816726,0.9867301803334467,0.9870860927152317,0.9731543624161074,0.9804308501891137
0.08,0.008846546444368834,0.03038222803005554,0.9801666666666666,0.9696177719699445,0.9911534535556311,0.991315965263861,0.969061876247505,0.9803468208092486
0.09,0.005784280367471929,0.0359359686377001,0.9788333333333333,0.9640640313622999,0.9942157196325281,0.9942722371967655,0.9637203166226913,0.9789351467905125
0.1,0.004423273222184417,0.04475661548513558,0.975,0.9552433845148645,0.9955767267778156,0.9955737146748382,0.9552726085537055,0.9749916638879627
0.11,0.00374276964954066,0.053250571708591966,0.971,0.9467494282914081,0.9962572303504593,0.9962186318322448,0.9472662568747978,0.970854271356784
0.12,0.003402517863218782,0.06272459980398562,0.9663333333333334,0.9372754001960144,0.9965974821367812,0.9965265717262939,0.9384812560076898,0.9659932659932661
0.13,0.002041510717931269,0.07317869977131657,0.9616666666666667,0.9268213002286835,0.9979584892820688,0.9978895532887795,0.9290465631929047,0.9610433604336043
0.14,0.0013610071452875127,0.08820646847435479,0.9543333333333334,0.9117935315256452,0.9986389928547125,0.9985688729874777,0.9157566302652106,0.9532103825136612
0.15,0.0010207553589656345,0.09866056844168572,0.9491666666666667,0.9013394315583143,0.9989792446410344,0.998913830557567,0.9067325509573811,0.9476215009445305
0.16,0.0006805035726437564,0.11009474028095394,0.9435,0.8899052597190461,0.9993194964273563,0.9992663242846662,0.8970678069639585,0.9414204250907207
0.17,0.0006805035726437564,0.12120222149624306,0.9378333333333333,0.878797778503757,0.9993194964273563,0.9992570579494799,0.8878476420798065,0.9351642621241091
0.18,0.0006805035726437564,0.1313296308395949,0.9326666666666666,0.8686703691604051,0.9993194964273563,0.9992484028560692,0.8796046720575023,0.929395316322964
0.19,0.0006805035726437564,0.14537732767069586,0.9255,0.8546226723293041,0.9993194964273563,0.9992360580595875,0.868421052631579,0.9212889593238246
0.2,0.0006805035726437564,0.15746488075792225,0.9193333333333333,0.8425351192420778,0.9993194964273563,0.9992251065478497,0.8590231061713951,0.9142148174406238
0.21,0.0006805035726437564,0.1718392682130023,0.912,0.8281607317869977,0.9993194964273563,0.9992116673236106,0.8481085763788623,0.9056806002143623
0.22,0.0006805035726437564,0.1875204181639987,0.904,0.8124795818360013,0.9993194964273563,0.9991964644435516,0.8365138137282826,0.8962162162162162
0.23,0.0006805035726437564,0.1996079712512251,0.8978333333333334,0.8003920287487749,0.9993194964273563,0.9991843393148451,0.8277903043968433,0.8888082713586068
0.24,0.0003402517863218782,0.21202221496243057,0.8916666666666667,0.7879777850375694,0.9996597482136781,0.9995855781185247,0.8190688597713968,0.8812568505663135
0.25,0.0003402517863218782,0.22933681803332245,0.8828333333333334,0.7706631819666776,0.9996597482136781,0.9995762711864407,0.8071428571428572,0.8703191293119351
0.26,0.0003402517863218782,0.24371120548840247,0.8755,0.7562887945115975,0.9996597482136781,0.9995682210708118,0.7975027144408252,0.8610749488562394
0.27,0.0,0.2574322116955243,0.8686666666666667,0.7425677883044757,1.0,1.0,0.788569895358197,0.8522684664416948
0.28,0.0,0.27703364913426987,0.8586666666666667,0.7229663508657301,1.0,1.0,0.7760760496435173,0.8392112248767538
0.29,0.0,0.29630839594903624,0.8488333333333333,0.7036916040509638,1.0,1.0,0.7641705668226729,0.8260786193672099
0.3,0.0,0.3146030708918654,0.8395,0.6853969291081345,1.0,1.0,0.7532034853921066,0.8133359178135298
0.31,0.0,0.33420450833061094,0.8295,0.6657954916693891,1.0,1.0,0.7417970721857647,0.7993724259658757
0.32,0.0,0.35543939888925186,0.8186666666666667,0.6445606011107481,1.0,1.0,0.7298236900918799,0.7838696861342869
0.33,0.0,0.3707938582162692,0.8108333333333333,0.6292061417837308,1.0,1.0,0.7214040255277369,0.7724082614798475
0.34,0.0,0.387781770663182,0.8021666666666667,0.612218229336818,1.0,1.0,0.7123121667474551,0.7594731509625127
0.35,0.0,0.40411630186213654,0.7938333333333333,0.5958836981378635,1.0,1.0,0.7037835249042146,0.7467758444216991
0.36,0.0,0.4211042143090493,0.7851666666666667,0.5788957856909507,1.0,1.0,0.695127719962157,0.7332919511690461
0.37,0.0,0.43907219862789937,0.776,0.5609278013721006,1.0,1.0,0.6862012607985057,0.7187107576391796
0.38,0.0,0.46030708918654034,0.7651666666666667,0.5396929108134596,1.0,1.0,0.6759429622815087,0.7010396774877996
0.39,0.0,0.4782750735053904,0.756,0.5217249264946096,1.0,1.0,0.6674994322053146,0.6857020180334907
0.4,0.0,0.4968964390721986,0.7465,0.5031035609278014,1.0,1.0,0.6589686098654709,0.669419691371441
0.41,0.0,0.5115975171512578,0.739,0.4884024828487422,1.0,1.0,0.6523862375138735,0.6562774363476734
0.42,0.0,0.5279320483502123,0.7306666666666667,0.47206795164978765,1.0,1.0,0.645225027442371,0.6413670661340435
0.43,0.0,0.5442665795491669,0.7223333333333334,0.45573342045083304,1.0,1.0,0.6382193268186753,0.6261220825852782
0.44,0.0,0.5632146357399542,0.7126666666666667,0.4367853642600457,1.0,1.0,0.6302809350203732,0.6080036380172806
0.45,0.0,0.5795491669389089,0.7043333333333334,0.42045083306109116,1.0,1.0,0.623594313600679,0.591996320147194
0.46,0.0,0.5955570075138844,0.6961666666666667,0.40444299248611565,1.0,1.0,0.6171776564468711,0.5759478948592696
0.47,0.0,0.6141783730806926,0.6866666666666666,0.38582162691930744,1.0,1.0,0.6098775679601577,0.5568128241395568
0.48,0.0,0.6275726886638353,0.6798333333333333,0.37242731133616463,1.0,1.0,0.6047325102880658,0.5427279219233515
0.49,0.0,0.6458673636066645,0.6705,0.35413263639333553,1.0,1.0,0.5978437754271766,0.5230398069963812
0.5,0.0,0.6579549166938908,0.6643333333333333,0.3420450833061091,1.0,1.0,0.5933777508580658,0.5097370983446933
0.51,0.0,0.6808232603724274,0.6526666666666666,0.3191767396275727,1.0,1.0,0.585108500895879,0.4839029222387321
0.52,0.0,0.6938908853315909,0.646,0.306109114668409,1.0,1.0,0.5804858779379815,0.4687343671835918
0.53,0.0,0.7066318196667756,0.6395,0.2933681803332244,1.0,1.0,0.5760486083888671,0.45364991159383683
0.54,0.0,0.7210062071218556,0.6321666666666667,0.2789937928781444,1.0,1.0,0.5711232024873688,0.43627075351213285
0.55,0.0,0.7376674289447893,0.6236666666666667,0.26233257105521074,1.0,1.0,0.5655185684048489,0.4156314699792961
0.56,0.0,0.7494282914080366,0.6176666666666667,0.2505717085919634,1.0,1.0,0.5616281291802026,0.4007314524555904
0.57,0.0,0.7624959163672003,0.611,0.23750408363279973,1.0,1.0,0.5573677223591883,0.38384371700105596
0.58,0.0,0.7778503756942176,0.6031666666666666,0.22214962430578242,1.0,1.0,0.5524436090225564,0.363539160652232
0.59,0.0,0.7896112381574649,0.5971666666666666,0.21038876184253513,1.0,1.0,0.5487303958177745,0.34763832658569505
0.6,0.0,0.8030055537406077,0.5903333333333334,0.19699444625939236,1.0,1.0,0.5445617935890309,0.32914847161572053
0.61,0.0,0.8154197974518131,0.584,0.18458020254818686,1.0,1.0,0.540754369825207,0.3116381687810259
0.62,0.0,0.8275073505390396,0.5778333333333333,0.17249264946096046,1.0,1.0,0.5370979532163743,0.2942323767066035
0.63,0.0,0.8386148317543286,0.5721666666666667,0.16138516824567134,1.0,1.0,0.5337813294587722,0.2779184247538678
0.64,0.0,0.8464554067298269,0.5681666666666667,0.15354459327017314,1.0,1.0,0.5314647377938517,0.26621353724157465
0.65,0.0,0.8529892192094087,0.5648333333333333,0.14701078079059132,1.0,1.0,0.5295495495495496,0.2563372258615779
0.66,0.0,0.8618098660568442,0.5603333333333333,0.13819013394315582,1.0,1.0,0.5269858346781424,0.24282433983926519
0.67,0.0,0.8725906566481542,0.5548333333333333,0.1274093433518458,1.0,1.0,0.5238859180035651,0.22602144305998265
0.68,0.0,0.882718065991506,0.5496666666666666,0.11728193400849396,1.0,1.0,0.5210069136677894,0.2099415204678363
0.69,0.0,0.8902319503430252,0.5458333333333333,0.10976804965697484,1.0,1.0,0.5188912429378532,0.1978216073005593
0.7,0.0,0.896765762822607,0.5425,0.10323423717739301,1.0,1.0,0.5170654468684025,0.18714835652946402
0.71,0.0,0.903952956550147,0.5388333333333334,0.09604704344985299,1.0,1.0,0.5150718541885735,0.17526080476900147
0.72,0.0,0.911140150277687,0.5351666666666667,0.08885984972231296,1.0,1.0,0.5130935754189944,0.1632163216321632
0.73,0.0,0.9180006533812479,0.5316666666666666,0.08199934661875204,1.0,1.0,0.5112193424943469,0.15157004830917872
0.74,0.0,0.9229010127409344,0.5291666666666667,0.07709898725906567,1.0,1.0,0.5098889659958362,0.14316044889293297
0.75,0.0,0.928781443972558,0.5261666666666667,0.07121855602744201,1.0,1.0,0.5083016257350398,0.1329673681000305
0.76,0.0,0.9327017314603071,0.5241666666666667,0.06729826853969291,1.0,1.0,0.5072488781498101,0.1261095806550352
0.77,0.0,0.9372754001960144,0.5218333333333334,0.06272459980398562,1.0,1.0,0.5060261707988981,0.11804488164770979
0.78,0.0,0.939562234563868,0.5206666666666667,0.06043776543613198,1.0,1.0,0.5054170249355117,0.11398644485520641
0.8,0.0,0.9474028095393662,0.5166666666666667,0.05259719046063378,1.0,1.0,0.5033396129474225,0.09993792675356922
0.81,0.0,0.9519764782750735,0.5143333333333333,0.04802352172492649,1.0,1.0,0.502135656928071,0.09164588528678304
